Original_Data,Normalized_Data
20,-1.34164
30,-0.447214
40,0.447214
50,1.34164
