Original_Data,Normalized_Data
100,-1.02868
150,-0.833853
190,-0.677993
200,-0.639028
250,-0.444202
300,-0.249377
400,0.140274
450,0.3351
600,0.919577
1000,2.47818
